{
    "12": 0.66666666666667,
    "3": 0.5,
    "6": 0.625,
    "33": 0.25,
    "29": 0.41176470588235,
    "16": 0.51851851851852,
    "50": 0.1,
    "20": 0.68421052631579,
    "5": 0.92857142857143,
    "30": 0.41666666666667,
    "19": 0.63636363636364,
    "24": 0.55555555555556,
    "22": 0.42857142857143,
    "28": 0.28571428571429,
    "21": 0.57894736842105,
    "14": 0.8,
    "13": 0.625,
    "10": 0.65217391304348,
    "7": 0.5,
    "32": 0.35714285714286,
    "42": 0.33333333333333,
    "9": 0.73913043478261,
    "11": 0.76470588235294,
    "4": 0.5,
    "26": 0.46153846153846,
    "25": 0.32608695652174,
    "17": 0.52380952380952,
    "15": 0.62068965517241,
    "38": 0.16666666666667,
    "34": 0.33333333333333,
    "36": 0.16666666666667,
    "23": 0.52380952380952,
    "18": 0.71428571428571,
    "8": 0.85714285714286,
    "37": 0.090909090909091,
    "27": 0.45454545454545,
    "31": 0.42857142857143,
    "39": 0.16666666666667,
    "53": 0,
    "43": 0.25,
    "40": 0.25
}
